,N,M,K,type,trials,times,volume
0,500,500,500,tf-webgl,50,91.60000002384186,125000000
1,500,500,500,tf-webgl,50,63.90000003576279,125000000
2,500,500,500,tf-webgl,50,43.60000002384186,125000000
3,500,500,500,tf-webgl,50,55.200000047683716,125000000
4,500,500,500,tf-webgl,50,37.89999997615814,125000000
5,500,500,500,tf-webgl,50,42.39999997615814,125000000
6,500,500,500,tf-webgl,50,46.799999952316284,125000000
7,500,500,500,tf-webgl,50,39.60000002384186,125000000
8,500,500,500,tf-webgl,50,39.0,125000000
9,500,500,500,tf-webgl,50,52.30000001192093,125000000
10,500,500,500,tf-webgl,50,33.89999997615814,125000000
11,500,500,500,tf-webgl,50,42.80000001192093,125000000
12,500,500,500,tf-webgl,50,38.69999998807907,125000000
13,500,500,500,tf-webgl,50,48.89999997615814,125000000
14,500,500,500,tf-webgl,50,38.80000001192093,125000000
15,500,500,500,tf-webgl,50,40.90000003576279,125000000
16,500,500,500,tf-webgl,50,36.80000001192093,125000000
17,500,500,500,tf-webgl,50,40.700000047683716,125000000
18,500,500,500,tf-webgl,50,39.0,125000000
19,500,500,500,tf-webgl,50,39.59999996423721,125000000
20,500,500,500,tf-webgl,50,43.80000001192093,125000000
21,500,500,500,tf-webgl,50,37.90000003576279,125000000
22,500,500,500,tf-webgl,50,38.80000001192093,125000000
23,500,500,500,tf-webgl,50,45.30000001192093,125000000
24,500,500,500,tf-webgl,50,44.19999998807907,125000000
25,500,500,500,tf-webgl,50,40.40000003576279,125000000
26,500,500,500,tf-webgl,50,34.09999996423721,125000000
27,500,500,500,tf-webgl,50,41.10000002384186,125000000
28,500,500,500,tf-webgl,50,36.39999997615814,125000000
29,500,500,500,tf-webgl,50,38.19999998807907,125000000
30,500,500,500,tf-webgl,50,39.80000001192093,125000000
31,500,500,500,tf-webgl,50,39.19999998807907,125000000
32,500,500,500,tf-webgl,50,43.60000002384186,125000000
33,500,500,500,tf-webgl,50,44.0,125000000
34,500,500,500,tf-webgl,50,39.60000002384186,125000000
35,500,500,500,tf-webgl,50,46.90000003576279,125000000
36,500,500,500,tf-webgl,50,38.59999996423721,125000000
37,500,500,500,tf-webgl,50,47.69999998807907,125000000
38,500,500,500,tf-webgl,50,38.19999998807907,125000000
39,500,500,500,tf-webgl,50,38.30000001192093,125000000
40,500,500,500,tf-webgl,50,39.89999997615814,125000000
41,500,500,500,tf-webgl,50,45.89999997615814,125000000
42,500,500,500,tf-webgl,50,38.69999998807907,125000000
43,500,500,500,tf-webgl,50,44.700000047683716,125000000
44,500,500,500,tf-webgl,50,38.19999998807907,125000000
45,500,500,500,tf-webgl,50,38.0,125000000
46,500,500,500,tf-webgl,50,38.30000001192093,125000000
47,500,500,500,tf-webgl,50,47.89999997615814,125000000
48,500,500,500,tf-webgl,50,37.89999997615814,125000000
49,500,500,500,tf-webgl,50,50.19999998807907,125000000
50,1000,1000,1000,tf-cpu,20,3068.699999988079,1000000000
51,1000,1000,1000,tf-cpu,20,3332.0,1000000000
52,1000,1000,1000,tf-cpu,20,3187.5,1000000000
53,1000,1000,1000,tf-cpu,20,3161.699999988079,1000000000
54,1000,1000,1000,tf-cpu,20,2844.2000000476837,1000000000
55,1000,1000,1000,tf-cpu,20,2869.0,1000000000
56,1000,1000,1000,tf-cpu,20,2882.800000011921,1000000000
57,1000,1000,1000,tf-cpu,20,2899.0,1000000000
58,1000,1000,1000,tf-cpu,20,2921.400000035763,1000000000
59,1000,1000,1000,tf-cpu,20,2887.399999976158,1000000000
60,1000,1000,1000,tf-cpu,20,2899.699999988079,1000000000
61,1000,1000,1000,tf-cpu,20,2864.199999988079,1000000000
62,1000,1000,1000,tf-cpu,20,2873.699999988079,1000000000
63,1000,1000,1000,tf-cpu,20,2897.600000023842,1000000000
64,1000,1000,1000,tf-cpu,20,2884.900000035763,1000000000
65,1000,1000,1000,tf-cpu,20,2877.599999964237,1000000000
66,1000,1000,1000,tf-cpu,20,2883.899999976158,1000000000
67,1000,1000,1000,tf-cpu,20,2925.199999988079,1000000000
68,1000,1000,1000,tf-cpu,20,2932.899999976158,1000000000
69,1000,1000,1000,tf-cpu,20,2870.300000011921,1000000000
70,100,100,100,tf-wasm,100,5.700000047683716,1000000
71,100,100,100,tf-wasm,100,1.800000011920929,1000000
72,100,100,100,tf-wasm,100,8.300000011920929,1000000
73,100,100,100,tf-wasm,100,1.4000000357627869,1000000
74,100,100,100,tf-wasm,100,0.8999999761581421,1000000
75,100,100,100,tf-wasm,100,0.699999988079071,1000000
76,100,100,100,tf-wasm,100,0.699999988079071,1000000
77,100,100,100,tf-wasm,100,1.199999988079071,1000000
78,100,100,100,tf-wasm,100,2.900000035762787,1000000
79,100,100,100,tf-wasm,100,2.0,1000000
80,100,100,100,tf-wasm,100,2.300000011920929,1000000
81,100,100,100,tf-wasm,100,0.6000000238418579,1000000
82,100,100,100,tf-wasm,100,0.8999999761581421,1000000
83,100,100,100,tf-wasm,100,0.5999999642372131,1000000
84,100,100,100,tf-wasm,100,0.699999988079071,1000000
85,100,100,100,tf-wasm,100,1.199999988079071,1000000
86,100,100,100,tf-wasm,100,0.6000000238418579,1000000
87,100,100,100,tf-wasm,100,0.7999999523162842,1000000
88,100,100,100,tf-wasm,100,0.8999999761581421,1000000
89,100,100,100,tf-wasm,100,0.8999999761581421,1000000
90,100,100,100,tf-wasm,100,0.5,1000000
91,100,100,100,tf-wasm,100,0.699999988079071,1000000
92,100,100,100,tf-wasm,100,0.8999999761581421,1000000
93,100,100,100,tf-wasm,100,0.9000000357627869,1000000
94,100,100,100,tf-wasm,100,0.5999999642372131,1000000
95,100,100,100,tf-wasm,100,0.5999999642372131,1000000
96,100,100,100,tf-wasm,100,0.5,1000000
97,100,100,100,tf-wasm,100,0.6000000238418579,1000000
98,100,100,100,tf-wasm,100,0.699999988079071,1000000
99,100,100,100,tf-wasm,100,0.8999999761581421,1000000
100,100,100,100,tf-wasm,100,0.699999988079071,1000000
101,100,100,100,tf-wasm,100,0.5,1000000
102,100,100,100,tf-wasm,100,0.5,1000000
103,100,100,100,tf-wasm,100,0.7000000476837158,1000000
104,100,100,100,tf-wasm,100,0.5999999642372131,1000000
105,100,100,100,tf-wasm,100,0.6000000238418579,1000000
106,100,100,100,tf-wasm,100,0.699999988079071,1000000
107,100,100,100,tf-wasm,100,0.6000000238418579,1000000
108,100,100,100,tf-wasm,100,0.5999999642372131,1000000
109,100,100,100,tf-wasm,100,0.6000000238418579,1000000
110,100,100,100,tf-wasm,100,0.6000000238418579,1000000
111,100,100,100,tf-wasm,100,0.699999988079071,1000000
112,100,100,100,tf-wasm,100,0.6000000238418579,1000000
113,100,100,100,tf-wasm,100,0.6000000238418579,1000000
114,100,100,100,tf-wasm,100,0.6000000238418579,1000000
115,100,100,100,tf-wasm,100,0.699999988079071,1000000
116,100,100,100,tf-wasm,100,0.6000000238418579,1000000
117,100,100,100,tf-wasm,100,0.699999988079071,1000000
118,100,100,100,tf-wasm,100,0.6000000238418579,1000000
119,100,100,100,tf-wasm,100,0.6000000238418579,1000000
120,100,100,100,tf-wasm,100,0.5999999642372131,1000000
121,100,100,100,tf-wasm,100,0.6000000238418579,1000000
122,100,100,100,tf-wasm,100,0.5,1000000
123,100,100,100,tf-wasm,100,0.5,1000000
124,100,100,100,tf-wasm,100,0.699999988079071,1000000
125,100,100,100,tf-wasm,100,0.7999999523162842,1000000
126,100,100,100,tf-wasm,100,0.5999999642372131,1000000
127,100,100,100,tf-wasm,100,0.6000000238418579,1000000
128,100,100,100,tf-wasm,100,0.5999999642372131,1000000
129,100,100,100,tf-wasm,100,0.699999988079071,1000000
130,100,100,100,tf-wasm,100,0.6000000238418579,1000000
131,100,100,100,tf-wasm,100,0.5,1000000
132,100,100,100,tf-wasm,100,0.7000000476837158,1000000
133,100,100,100,tf-wasm,100,0.6000000238418579,1000000
134,100,100,100,tf-wasm,100,0.6000000238418579,1000000
135,100,100,100,tf-wasm,100,0.6000000238418579,1000000
136,100,100,100,tf-wasm,100,0.6000000238418579,1000000
137,100,100,100,tf-wasm,100,0.5,1000000
138,100,100,100,tf-wasm,100,0.6000000238418579,1000000
139,100,100,100,tf-wasm,100,0.5999999642372131,1000000
140,100,100,100,tf-wasm,100,0.5,1000000
141,100,100,100,tf-wasm,100,0.699999988079071,1000000
142,100,100,100,tf-wasm,100,0.699999988079071,1000000
143,100,100,100,tf-wasm,100,0.5,1000000
144,100,100,100,tf-wasm,100,0.7000000476837158,1000000
145,100,100,100,tf-wasm,100,0.6000000238418579,1000000
146,100,100,100,tf-wasm,100,0.5,1000000
147,100,100,100,tf-wasm,100,0.6000000238418579,1000000
148,100,100,100,tf-wasm,100,0.6000000238418579,1000000
149,100,100,100,tf-wasm,100,0.5,1000000
150,100,100,100,tf-wasm,100,0.699999988079071,1000000
151,100,100,100,tf-wasm,100,0.5999999642372131,1000000
152,100,100,100,tf-wasm,100,0.6000000238418579,1000000
153,100,100,100,tf-wasm,100,0.5999999642372131,1000000
154,100,100,100,tf-wasm,100,0.6000000238418579,1000000
155,100,100,100,tf-wasm,100,0.5999999642372131,1000000
156,100,100,100,tf-wasm,100,0.7000000476837158,1000000
157,100,100,100,tf-wasm,100,0.5999999642372131,1000000
158,100,100,100,tf-wasm,100,0.5999999642372131,1000000
159,100,100,100,tf-wasm,100,0.5,1000000
160,100,100,100,tf-wasm,100,0.6000000238418579,1000000
161,100,100,100,tf-wasm,100,0.7000000476837158,1000000
162,100,100,100,tf-wasm,100,0.5,1000000
163,100,100,100,tf-wasm,100,0.6000000238418579,1000000
164,100,100,100,tf-wasm,100,0.5999999642372131,1000000
165,100,100,100,tf-wasm,100,0.5999999642372131,1000000
166,100,100,100,tf-wasm,100,0.9000000357627869,1000000
167,100,100,100,tf-wasm,100,0.5999999642372131,1000000
168,100,100,100,tf-wasm,100,0.6000000238418579,1000000
169,100,100,100,tf-wasm,100,0.5,1000000
170,1000,1000,1000,tf-webgpu,20,177.10000002384186,1000000000
171,1000,1000,1000,tf-webgpu,20,131.10000002384186,1000000000
172,1000,1000,1000,tf-webgpu,20,193.89999997615814,1000000000
173,1000,1000,1000,tf-webgpu,20,123.39999997615814,1000000000
174,1000,1000,1000,tf-webgpu,20,139.79999995231628,1000000000
175,1000,1000,1000,tf-webgpu,20,118.80000001192093,1000000000
176,1000,1000,1000,tf-webgpu,20,118.60000002384186,1000000000
177,1000,1000,1000,tf-webgpu,20,122.5,1000000000
178,1000,1000,1000,tf-webgpu,20,116.70000004768372,1000000000
179,1000,1000,1000,tf-webgpu,20,118.39999997615814,1000000000
180,1000,1000,1000,tf-webgpu,20,116.0,1000000000
181,1000,1000,1000,tf-webgpu,20,116.20000004768372,1000000000
182,1000,1000,1000,tf-webgpu,20,116.09999996423721,1000000000
183,1000,1000,1000,tf-webgpu,20,118.0,1000000000
184,1000,1000,1000,tf-webgpu,20,117.10000002384186,1000000000
185,1000,1000,1000,tf-webgpu,20,115.89999997615814,1000000000
186,1000,1000,1000,tf-webgpu,20,130.5,1000000000
187,1000,1000,1000,tf-webgpu,20,117.39999997615814,1000000000
188,1000,1000,1000,tf-webgpu,20,123.5,1000000000
189,1000,1000,1000,tf-webgpu,20,118.69999998807907,1000000000
190,500,500,500,tf-cpu,50,417.7999999523163,125000000
191,500,500,500,tf-cpu,50,446.5,125000000
192,500,500,500,tf-cpu,50,416.0999999642372,125000000
193,500,500,500,tf-cpu,50,408.60000002384186,125000000
194,500,500,500,tf-cpu,50,419.5,125000000
195,500,500,500,tf-cpu,50,431.19999998807907,125000000
196,500,500,500,tf-cpu,50,369.30000001192093,125000000
197,500,500,500,tf-cpu,50,366.69999998807907,125000000
198,500,500,500,tf-cpu,50,362.80000001192093,125000000
199,500,500,500,tf-cpu,50,369.19999998807907,125000000
200,500,500,500,tf-cpu,50,363.89999997615814,125000000
201,500,500,500,tf-cpu,50,361.30000001192093,125000000
202,500,500,500,tf-cpu,50,363.60000002384186,125000000
203,500,500,500,tf-cpu,50,367.80000001192093,125000000
204,500,500,500,tf-cpu,50,366.30000001192093,125000000
205,500,500,500,tf-cpu,50,364.69999998807907,125000000
206,500,500,500,tf-cpu,50,361.89999997615814,125000000
207,500,500,500,tf-cpu,50,363.80000001192093,125000000
208,500,500,500,tf-cpu,50,362.19999998807907,125000000
209,500,500,500,tf-cpu,50,364.19999998807907,125000000
210,500,500,500,tf-cpu,50,363.10000002384186,125000000
211,500,500,500,tf-cpu,50,358.89999997615814,125000000
212,500,500,500,tf-cpu,50,366.19999998807907,125000000
213,500,500,500,tf-cpu,50,370.5,125000000
214,500,500,500,tf-cpu,50,370.0,125000000
215,500,500,500,tf-cpu,50,365.69999998807907,125000000
216,500,500,500,tf-cpu,50,367.89999997615814,125000000
217,500,500,500,tf-cpu,50,375.0,125000000
218,500,500,500,tf-cpu,50,368.4000000357628,125000000
219,500,500,500,tf-cpu,50,369.69999998807907,125000000
220,500,500,500,tf-cpu,50,359.9000000357628,125000000
221,500,500,500,tf-cpu,50,360.5999999642372,125000000
222,500,500,500,tf-cpu,50,363.69999998807907,125000000
223,500,500,500,tf-cpu,50,364.89999997615814,125000000
224,500,500,500,tf-cpu,50,367.60000002384186,125000000
225,500,500,500,tf-cpu,50,365.4000000357628,125000000
226,500,500,500,tf-cpu,50,366.39999997615814,125000000
227,500,500,500,tf-cpu,50,368.4000000357628,125000000
228,500,500,500,tf-cpu,50,368.39999997615814,125000000
229,500,500,500,tf-cpu,50,366.30000001192093,125000000
230,500,500,500,tf-cpu,50,372.69999998807907,125000000
231,500,500,500,tf-cpu,50,361.0999999642372,125000000
232,500,500,500,tf-cpu,50,366.60000002384186,125000000
233,500,500,500,tf-cpu,50,361.10000002384186,125000000
234,500,500,500,tf-cpu,50,364.2000000476837,125000000
235,500,500,500,tf-cpu,50,366.69999998807907,125000000
236,500,500,500,tf-cpu,50,365.30000001192093,125000000
237,500,500,500,tf-cpu,50,367.30000001192093,125000000
238,500,500,500,tf-cpu,50,370.30000001192093,125000000
239,500,500,500,tf-cpu,50,370.69999998807907,125000000
240,500,500,500,tf-webgpu,20,57.30000001192093,125000000
241,500,500,500,tf-webgpu,20,31.600000023841858,125000000
242,500,500,500,tf-webgpu,20,23.80000001192093,125000000
243,500,500,500,tf-webgpu,20,26.19999998807907,125000000
244,500,500,500,tf-webgpu,20,24.200000047683716,125000000
245,500,500,500,tf-webgpu,20,30.69999998807907,125000000
246,500,500,500,tf-webgpu,20,30.5,125000000
247,500,500,500,tf-webgpu,20,27.30000001192093,125000000
248,500,500,500,tf-webgpu,20,33.80000001192093,125000000
249,500,500,500,tf-webgpu,20,31.0,125000000
250,500,500,500,tf-webgpu,20,30.899999976158142,125000000
251,500,500,500,tf-webgpu,20,26.400000035762787,125000000
252,500,500,500,tf-webgpu,20,31.5,125000000
253,500,500,500,tf-webgpu,20,25.799999952316284,125000000
254,500,500,500,tf-webgpu,20,27.399999976158142,125000000
255,500,500,500,tf-webgpu,20,33.90000003576279,125000000
256,500,500,500,tf-webgpu,20,27.0,125000000
257,500,500,500,tf-webgpu,20,29.19999998807907,125000000
258,500,500,500,tf-webgpu,20,26.5,125000000
259,500,500,500,tf-webgpu,20,31.899999976158142,125000000
260,100,100,100,tf-webgpu,100,40.80000001192093,1000000
261,100,100,100,tf-webgpu,100,6.899999976158142,1000000
262,100,100,100,tf-webgpu,100,6.800000011920929,1000000
263,100,100,100,tf-webgpu,100,5.399999976158142,1000000
264,100,100,100,tf-webgpu,100,4.5,1000000
265,100,100,100,tf-webgpu,100,4.0,1000000
266,100,100,100,tf-webgpu,100,14.100000023841858,1000000
267,100,100,100,tf-webgpu,100,6.300000011920929,1000000
268,100,100,100,tf-webgpu,100,4.800000011920929,1000000
269,100,100,100,tf-webgpu,100,4.099999964237213,1000000
270,100,100,100,tf-webgpu,100,13.900000035762787,1000000
271,100,100,100,tf-webgpu,100,13.299999952316284,1000000
272,100,100,100,tf-webgpu,100,7.599999964237213,1000000
273,100,100,100,tf-webgpu,100,4.0,1000000
274,100,100,100,tf-webgpu,100,3.300000011920929,1000000
275,100,100,100,tf-webgpu,100,11.600000023841858,1000000
276,100,100,100,tf-webgpu,100,3.700000047683716,1000000
277,100,100,100,tf-webgpu,100,3.5,1000000
278,100,100,100,tf-webgpu,100,3.699999988079071,1000000
279,100,100,100,tf-webgpu,100,5.100000023841858,1000000
280,100,100,100,tf-webgpu,100,9.599999964237213,1000000
281,100,100,100,tf-webgpu,100,3.599999964237213,1000000
282,100,100,100,tf-webgpu,100,6.699999988079071,1000000
283,100,100,100,tf-webgpu,100,3.400000035762787,1000000
284,100,100,100,tf-webgpu,100,3.600000023841858,1000000
285,100,100,100,tf-webgpu,100,3.099999964237213,1000000
286,100,100,100,tf-webgpu,100,3.799999952316284,1000000
287,100,100,100,tf-webgpu,100,6.300000011920929,1000000
288,100,100,100,tf-webgpu,100,5.600000023841858,1000000
289,100,100,100,tf-webgpu,100,3.5,1000000
290,100,100,100,tf-webgpu,100,10.099999964237213,1000000
291,100,100,100,tf-webgpu,100,8.199999988079071,1000000
292,100,100,100,tf-webgpu,100,4.800000011920929,1000000
293,100,100,100,tf-webgpu,100,4.0,1000000
294,100,100,100,tf-webgpu,100,15.400000035762787,1000000
295,100,100,100,tf-webgpu,100,17.099999964237213,1000000
296,100,100,100,tf-webgpu,100,6.199999988079071,1000000
297,100,100,100,tf-webgpu,100,3.5,1000000
298,100,100,100,tf-webgpu,100,3.600000023841858,1000000
299,100,100,100,tf-webgpu,100,3.299999952316284,1000000
300,100,100,100,tf-webgpu,100,3.599999964237213,1000000
301,100,100,100,tf-webgpu,100,3.5,1000000
302,100,100,100,tf-webgpu,100,4.699999988079071,1000000
303,100,100,100,tf-webgpu,100,3.5,1000000
304,100,100,100,tf-webgpu,100,3.599999964237213,1000000
305,100,100,100,tf-webgpu,100,9.600000023841858,1000000
306,100,100,100,tf-webgpu,100,3.199999988079071,1000000
307,100,100,100,tf-webgpu,100,3.800000011920929,1000000
308,100,100,100,tf-webgpu,100,3.300000011920929,1000000
309,100,100,100,tf-webgpu,100,3.5,1000000
310,100,100,100,tf-webgpu,100,4.5,1000000
311,100,100,100,tf-webgpu,100,3.199999988079071,1000000
312,100,100,100,tf-webgpu,100,13.100000023841858,1000000
313,100,100,100,tf-webgpu,100,6.0,1000000
314,100,100,100,tf-webgpu,100,9.899999976158142,1000000
315,100,100,100,tf-webgpu,100,3.5,1000000
316,100,100,100,tf-webgpu,100,3.699999988079071,1000000
317,100,100,100,tf-webgpu,100,9.099999964237213,1000000
318,100,100,100,tf-webgpu,100,11.300000011920929,1000000
319,100,100,100,tf-webgpu,100,3.0,1000000
320,100,100,100,tf-webgpu,100,3.5,1000000
321,100,100,100,tf-webgpu,100,7.400000035762787,1000000
322,100,100,100,tf-webgpu,100,4.0,1000000
323,100,100,100,tf-webgpu,100,3.300000011920929,1000000
324,100,100,100,tf-webgpu,100,3.199999988079071,1000000
325,100,100,100,tf-webgpu,100,3.299999952316284,1000000
326,100,100,100,tf-webgpu,100,3.399999976158142,1000000
327,100,100,100,tf-webgpu,100,6.100000023841858,1000000
328,100,100,100,tf-webgpu,100,3.399999976158142,1000000
329,100,100,100,tf-webgpu,100,5.900000035762787,1000000
330,100,100,100,tf-webgpu,100,8.399999976158142,1000000
331,100,100,100,tf-webgpu,100,11.199999988079071,1000000
332,100,100,100,tf-webgpu,100,3.800000011920929,1000000
333,100,100,100,tf-webgpu,100,3.5,1000000
334,100,100,100,tf-webgpu,100,4.599999964237213,1000000
335,100,100,100,tf-webgpu,100,4.699999988079071,1000000
336,100,100,100,tf-webgpu,100,4.300000011920929,1000000
337,100,100,100,tf-webgpu,100,3.600000023841858,1000000
338,100,100,100,tf-webgpu,100,5.5,1000000
339,100,100,100,tf-webgpu,100,3.599999964237213,1000000
340,100,100,100,tf-webgpu,100,3.199999988079071,1000000
341,100,100,100,tf-webgpu,100,3.5,1000000
342,100,100,100,tf-webgpu,100,3.600000023841858,1000000
343,100,100,100,tf-webgpu,100,3.5,1000000
344,100,100,100,tf-webgpu,100,4.900000035762787,1000000
345,100,100,100,tf-webgpu,100,7.0,1000000
346,100,100,100,tf-webgpu,100,13.699999988079071,1000000
347,100,100,100,tf-webgpu,100,13.099999964237213,1000000
348,100,100,100,tf-webgpu,100,3.599999964237213,1000000
349,100,100,100,tf-webgpu,100,3.600000023841858,1000000
350,100,100,100,tf-webgpu,100,3.5,1000000
351,100,100,100,tf-webgpu,100,3.199999988079071,1000000
352,100,100,100,tf-webgpu,100,3.599999964237213,1000000
353,100,100,100,tf-webgpu,100,3.600000023841858,1000000
354,100,100,100,tf-webgpu,100,6.599999964237213,1000000
355,100,100,100,tf-webgpu,100,3.600000023841858,1000000
356,100,100,100,tf-webgpu,100,5.300000011920929,1000000
357,100,100,100,tf-webgpu,100,4.300000011920929,1000000
358,100,100,100,tf-webgpu,100,8.800000011920929,1000000
359,100,100,100,tf-webgpu,100,3.599999964237213,1000000
360,500,500,500,tf-webgpu,50,58.0,125000000
361,500,500,500,tf-webgpu,50,31.30000001192093,125000000
362,500,500,500,tf-webgpu,50,25.100000023841858,125000000
363,500,500,500,tf-webgpu,50,28.69999998807907,125000000
364,500,500,500,tf-webgpu,50,23.0,125000000
365,500,500,500,tf-webgpu,50,38.5,125000000
366,500,500,500,tf-webgpu,50,36.799999952316284,125000000
367,500,500,500,tf-webgpu,50,29.0,125000000
368,500,500,500,tf-webgpu,50,25.80000001192093,125000000
369,500,500,500,tf-webgpu,50,30.69999998807907,125000000
370,500,500,500,tf-webgpu,50,26.0,125000000
371,500,500,500,tf-webgpu,50,30.0,125000000
372,500,500,500,tf-webgpu,50,32.09999996423721,125000000
373,500,500,500,tf-webgpu,50,30.599999964237213,125000000
374,500,500,500,tf-webgpu,50,30.100000023841858,125000000
375,500,500,500,tf-webgpu,50,30.19999998807907,125000000
376,500,500,500,tf-webgpu,50,27.099999964237213,125000000
377,500,500,500,tf-webgpu,50,31.0,125000000
378,500,500,500,tf-webgpu,50,26.5,125000000
379,500,500,500,tf-webgpu,50,29.700000047683716,125000000
380,500,500,500,tf-webgpu,50,26.0,125000000
381,500,500,500,tf-webgpu,50,37.89999997615814,125000000
382,500,500,500,tf-webgpu,50,26.5,125000000
383,500,500,500,tf-webgpu,50,29.100000023841858,125000000
384,500,500,500,tf-webgpu,50,26.400000035762787,125000000
385,500,500,500,tf-webgpu,50,31.80000001192093,125000000
386,500,500,500,tf-webgpu,50,27.30000001192093,125000000
387,500,500,500,tf-webgpu,50,25.600000023841858,125000000
388,500,500,500,tf-webgpu,50,31.5,125000000
389,500,500,500,tf-webgpu,50,27.900000035762787,125000000
390,500,500,500,tf-webgpu,50,28.0,125000000
391,500,500,500,tf-webgpu,50,32.30000001192093,125000000
392,500,500,500,tf-webgpu,50,26.400000035762787,125000000
393,500,500,500,tf-webgpu,50,32.09999996423721,125000000
394,500,500,500,tf-webgpu,50,29.599999964237213,125000000
395,500,500,500,tf-webgpu,50,28.5,125000000
396,500,500,500,tf-webgpu,50,36.0,125000000
397,500,500,500,tf-webgpu,50,31.100000023841858,125000000
398,500,500,500,tf-webgpu,50,26.0,125000000
399,500,500,500,tf-webgpu,50,28.600000023841858,125000000
400,500,500,500,tf-webgpu,50,25.799999952316284,125000000
401,500,500,500,tf-webgpu,50,30.600000023841858,125000000
402,500,500,500,tf-webgpu,50,25.69999998807907,125000000
403,500,500,500,tf-webgpu,50,29.899999976158142,125000000
404,500,500,500,tf-webgpu,50,31.099999964237213,125000000
405,500,500,500,tf-webgpu,50,29.5,125000000
406,500,500,500,tf-webgpu,50,29.299999952316284,125000000
407,500,500,500,tf-webgpu,50,29.099999964237213,125000000
408,500,500,500,tf-webgpu,50,27.299999952316284,125000000
409,500,500,500,tf-webgpu,50,30.299999952316284,125000000
410,1000,1000,1000,plain-js,20,15691.700000047684,1000000000
411,1000,1000,1000,plain-js,20,16152.5,1000000000
412,1000,1000,1000,plain-js,20,16522.099999964237,1000000000
413,1000,1000,1000,plain-js,20,16494.700000047684,1000000000
414,1000,1000,1000,plain-js,20,16756.80000001192,1000000000
415,1000,1000,1000,plain-js,20,16502.600000023842,1000000000
416,1000,1000,1000,plain-js,20,16597.19999998808,1000000000
417,1000,1000,1000,plain-js,20,16511.899999976158,1000000000
418,1000,1000,1000,plain-js,20,16488.30000001192,1000000000
419,1000,1000,1000,plain-js,20,16551.30000001192,1000000000
420,1000,1000,1000,plain-js,20,16663.900000035763,1000000000
421,1000,1000,1000,plain-js,20,16578.0,1000000000
422,1000,1000,1000,plain-js,20,16740.200000047684,1000000000
423,1000,1000,1000,plain-js,20,16705.599999964237,1000000000
424,1000,1000,1000,plain-js,20,16583.0,1000000000
425,1000,1000,1000,plain-js,20,16310.799999952316,1000000000
426,1000,1000,1000,plain-js,20,16683.5,1000000000
427,1000,1000,1000,plain-js,20,16630.0,1000000000
428,1000,1000,1000,plain-js,20,16700.900000035763,1000000000
429,1000,1000,1000,plain-js,20,16612.69999998808,1000000000
430,1000,1000,1000,tf-wasm,20,192.80000001192093,1000000000
431,1000,1000,1000,tf-wasm,20,202.5999999642372,1000000000
432,1000,1000,1000,tf-wasm,20,202.10000002384186,1000000000
433,1000,1000,1000,tf-wasm,20,193.4000000357628,1000000000
434,1000,1000,1000,tf-wasm,20,191.19999998807907,1000000000
435,1000,1000,1000,tf-wasm,20,200.0999999642372,1000000000
436,1000,1000,1000,tf-wasm,20,185.80000001192093,1000000000
437,1000,1000,1000,tf-wasm,20,190.5999999642372,1000000000
438,1000,1000,1000,tf-wasm,20,199.30000001192093,1000000000
439,1000,1000,1000,tf-wasm,20,191.0999999642372,1000000000
440,1000,1000,1000,tf-wasm,20,186.79999995231628,1000000000
441,1000,1000,1000,tf-wasm,20,190.69999998807907,1000000000
442,1000,1000,1000,tf-wasm,20,195.69999998807907,1000000000
443,1000,1000,1000,tf-wasm,20,202.0999999642372,1000000000
444,1000,1000,1000,tf-wasm,20,200.80000001192093,1000000000
445,1000,1000,1000,tf-wasm,20,189.19999998807907,1000000000
446,1000,1000,1000,tf-wasm,20,202.0,1000000000
447,1000,1000,1000,tf-wasm,20,190.5,1000000000
448,1000,1000,1000,tf-wasm,20,182.5999999642372,1000000000
449,1000,1000,1000,tf-wasm,20,194.0,1000000000
450,500,500,500,tf-webgl,20,96.39999997615814,125000000
451,500,500,500,tf-webgl,20,58.5,125000000
452,500,500,500,tf-webgl,20,43.10000002384186,125000000
453,500,500,500,tf-webgl,20,46.69999998807907,125000000
454,500,500,500,tf-webgl,20,39.19999998807907,125000000
455,500,500,500,tf-webgl,20,44.40000003576279,125000000
456,500,500,500,tf-webgl,20,40.90000003576279,125000000
457,500,500,500,tf-webgl,20,50.90000003576279,125000000
458,500,500,500,tf-webgl,20,43.80000001192093,125000000
459,500,500,500,tf-webgl,20,51.0,125000000
460,500,500,500,tf-webgl,20,39.10000002384186,125000000
461,500,500,500,tf-webgl,20,39.19999998807907,125000000
462,500,500,500,tf-webgl,20,37.80000001192093,125000000
463,500,500,500,tf-webgl,20,50.10000002384186,125000000
464,500,500,500,tf-webgl,20,43.200000047683716,125000000
465,500,500,500,tf-webgl,20,37.80000001192093,125000000
466,500,500,500,tf-webgl,20,38.299999952316284,125000000
467,500,500,500,tf-webgl,20,39.90000003576279,125000000
468,500,500,500,tf-webgl,20,37.90000003576279,125000000
469,500,500,500,tf-webgl,20,39.40000003576279,125000000
470,500,500,500,tf-cpu,20,401.80000001192093,125000000
471,500,500,500,tf-cpu,20,432.19999998807907,125000000
472,500,500,500,tf-cpu,20,411.39999997615814,125000000
473,500,500,500,tf-cpu,20,399.80000001192093,125000000
474,500,500,500,tf-cpu,20,420.0,125000000
475,500,500,500,tf-cpu,20,436.0,125000000
476,500,500,500,tf-cpu,20,375.5,125000000
477,500,500,500,tf-cpu,20,368.89999997615814,125000000
478,500,500,500,tf-cpu,20,372.19999998807907,125000000
479,500,500,500,tf-cpu,20,365.80000001192093,125000000
480,500,500,500,tf-cpu,20,369.5,125000000
481,500,500,500,tf-cpu,20,359.60000002384186,125000000
482,500,500,500,tf-cpu,20,376.9000000357628,125000000
483,500,500,500,tf-cpu,20,377.2000000476837,125000000
484,500,500,500,tf-cpu,20,374.30000001192093,125000000
485,500,500,500,tf-cpu,20,369.30000001192093,125000000
486,500,500,500,tf-cpu,20,372.19999998807907,125000000
487,500,500,500,tf-cpu,20,372.0,125000000
488,500,500,500,tf-cpu,20,371.80000001192093,125000000
489,500,500,500,tf-cpu,20,367.69999998807907,125000000
490,100,100,100,tf-webgl,100,82.80000001192093,1000000
491,100,100,100,tf-webgl,100,11.600000023841858,1000000
492,100,100,100,tf-webgl,100,7.599999964237213,1000000
493,100,100,100,tf-webgl,100,12.699999988079071,1000000
494,100,100,100,tf-webgl,100,10.5,1000000
495,100,100,100,tf-webgl,100,6.0,1000000
496,100,100,100,tf-webgl,100,5.800000011920929,1000000
497,100,100,100,tf-webgl,100,11.699999988079071,1000000
498,100,100,100,tf-webgl,100,13.0,1000000
499,100,100,100,tf-webgl,100,11.399999976158142,1000000
500,100,100,100,tf-webgl,100,16.700000047683716,1000000
501,100,100,100,tf-webgl,100,14.800000011920929,1000000
502,100,100,100,tf-webgl,100,7.100000023841858,1000000
503,100,100,100,tf-webgl,100,10.199999988079071,1000000
504,100,100,100,tf-webgl,100,8.599999964237213,1000000
505,100,100,100,tf-webgl,100,15.300000011920929,1000000
506,100,100,100,tf-webgl,100,5.899999976158142,1000000
507,100,100,100,tf-webgl,100,15.0,1000000
508,100,100,100,tf-webgl,100,6.199999988079071,1000000
509,100,100,100,tf-webgl,100,17.200000047683716,1000000
510,100,100,100,tf-webgl,100,10.899999976158142,1000000
511,100,100,100,tf-webgl,100,14.099999964237213,1000000
512,100,100,100,tf-webgl,100,21.100000023841858,1000000
513,100,100,100,tf-webgl,100,16.80000001192093,1000000
514,100,100,100,tf-webgl,100,15.5,1000000
515,100,100,100,tf-webgl,100,9.899999976158142,1000000
516,100,100,100,tf-webgl,100,5.900000035762787,1000000
517,100,100,100,tf-webgl,100,5.0,1000000
518,100,100,100,tf-webgl,100,5.400000035762787,1000000
519,100,100,100,tf-webgl,100,9.899999976158142,1000000
520,100,100,100,tf-webgl,100,13.5,1000000
521,100,100,100,tf-webgl,100,10.199999988079071,1000000
522,100,100,100,tf-webgl,100,5.0,1000000
523,100,100,100,tf-webgl,100,5.699999988079071,1000000
524,100,100,100,tf-webgl,100,13.699999988079071,1000000
525,100,100,100,tf-webgl,100,5.899999976158142,1000000
526,100,100,100,tf-webgl,100,14.899999976158142,1000000
527,100,100,100,tf-webgl,100,9.899999976158142,1000000
528,100,100,100,tf-webgl,100,9.900000035762787,1000000
529,100,100,100,tf-webgl,100,5.099999964237213,1000000
530,100,100,100,tf-webgl,100,10.300000011920929,1000000
531,100,100,100,tf-webgl,100,7.399999976158142,1000000
532,100,100,100,tf-webgl,100,9.800000011920929,1000000
533,100,100,100,tf-webgl,100,5.800000011920929,1000000
534,100,100,100,tf-webgl,100,10.900000035762787,1000000
535,100,100,100,tf-webgl,100,18.80000001192093,1000000
536,100,100,100,tf-webgl,100,9.800000011920929,1000000
537,100,100,100,tf-webgl,100,5.800000011920929,1000000
538,100,100,100,tf-webgl,100,5.699999988079071,1000000
539,100,100,100,tf-webgl,100,12.100000023841858,1000000
540,100,100,100,tf-webgl,100,4.899999976158142,1000000
541,100,100,100,tf-webgl,100,15.0,1000000
542,100,100,100,tf-webgl,100,5.800000011920929,1000000
543,100,100,100,tf-webgl,100,6.899999976158142,1000000
544,100,100,100,tf-webgl,100,5.5,1000000
545,100,100,100,tf-webgl,100,5.600000023841858,1000000
546,100,100,100,tf-webgl,100,5.400000035762787,1000000
547,100,100,100,tf-webgl,100,7.399999976158142,1000000
548,100,100,100,tf-webgl,100,5.599999964237213,1000000
549,100,100,100,tf-webgl,100,14.899999976158142,1000000
550,100,100,100,tf-webgl,100,11.599999964237213,1000000
551,100,100,100,tf-webgl,100,12.300000011920929,1000000
552,100,100,100,tf-webgl,100,5.699999988079071,1000000
553,100,100,100,tf-webgl,100,5.300000011920929,1000000
554,100,100,100,tf-webgl,100,5.800000011920929,1000000
555,100,100,100,tf-webgl,100,18.799999952316284,1000000
556,100,100,100,tf-webgl,100,6.300000011920929,1000000
557,100,100,100,tf-webgl,100,20.400000035762787,1000000
558,100,100,100,tf-webgl,100,14.0,1000000
559,100,100,100,tf-webgl,100,10.199999988079071,1000000
560,100,100,100,tf-webgl,100,7.699999988079071,1000000
561,100,100,100,tf-webgl,100,5.799999952316284,1000000
562,100,100,100,tf-webgl,100,9.899999976158142,1000000
563,100,100,100,tf-webgl,100,10.300000011920929,1000000
564,100,100,100,tf-webgl,100,6.5,1000000
565,100,100,100,tf-webgl,100,9.799999952316284,1000000
566,100,100,100,tf-webgl,100,10.400000035762787,1000000
567,100,100,100,tf-webgl,100,10.300000011920929,1000000
568,100,100,100,tf-webgl,100,11.700000047683716,1000000
569,100,100,100,tf-webgl,100,5.600000023841858,1000000
570,100,100,100,tf-webgl,100,9.099999964237213,1000000
571,100,100,100,tf-webgl,100,5.5,1000000
572,100,100,100,tf-webgl,100,10.800000011920929,1000000
573,100,100,100,tf-webgl,100,10.300000011920929,1000000
574,100,100,100,tf-webgl,100,15.199999988079071,1000000
575,100,100,100,tf-webgl,100,10.899999976158142,1000000
576,100,100,100,tf-webgl,100,17.099999964237213,1000000
577,100,100,100,tf-webgl,100,11.0,1000000
578,100,100,100,tf-webgl,100,5.699999988079071,1000000
579,100,100,100,tf-webgl,100,4.899999976158142,1000000
580,100,100,100,tf-webgl,100,13.600000023841858,1000000
581,100,100,100,tf-webgl,100,17.099999964237213,1000000
582,100,100,100,tf-webgl,100,9.800000011920929,1000000
583,100,100,100,tf-webgl,100,15.099999964237213,1000000
584,100,100,100,tf-webgl,100,5.899999976158142,1000000
585,100,100,100,tf-webgl,100,13.400000035762787,1000000
586,100,100,100,tf-webgl,100,10.299999952316284,1000000
587,100,100,100,tf-webgl,100,11.700000047683716,1000000
588,100,100,100,tf-webgl,100,15.800000011920929,1000000
589,100,100,100,tf-webgl,100,20.0,1000000
590,500,500,500,tf-wasm,20,38.19999998807907,125000000
591,500,500,500,tf-wasm,20,31.0,125000000
592,500,500,500,tf-wasm,20,28.0,125000000
593,500,500,500,tf-wasm,20,39.59999996423721,125000000
594,500,500,500,tf-wasm,20,42.69999998807907,125000000
595,500,500,500,tf-wasm,20,31.19999998807907,125000000
596,500,500,500,tf-wasm,20,44.39999997615814,125000000
597,500,500,500,tf-wasm,20,32.69999998807907,125000000
598,500,500,500,tf-wasm,20,39.90000003576279,125000000
599,500,500,500,tf-wasm,20,28.399999976158142,125000000
600,500,500,500,tf-wasm,20,42.60000002384186,125000000
601,500,500,500,tf-wasm,20,28.0,125000000
602,500,500,500,tf-wasm,20,43.19999998807907,125000000
603,500,500,500,tf-wasm,20,28.600000023841858,125000000
604,500,500,500,tf-wasm,20,34.5,125000000
605,500,500,500,tf-wasm,20,35.30000001192093,125000000
606,500,500,500,tf-wasm,20,34.799999952316284,125000000
607,500,500,500,tf-wasm,20,31.399999976158142,125000000
608,500,500,500,tf-wasm,20,40.39999997615814,125000000
609,500,500,500,tf-wasm,20,36.40000003576279,125000000
610,1000,1000,1000,tf-webgl,20,232.9000000357628,1000000000
611,1000,1000,1000,tf-webgl,20,162.69999998807907,1000000000
612,1000,1000,1000,tf-webgl,20,141.19999998807907,1000000000
613,1000,1000,1000,tf-webgl,20,145.30000001192093,1000000000
614,1000,1000,1000,tf-webgl,20,144.60000002384186,1000000000
615,1000,1000,1000,tf-webgl,20,138.70000004768372,1000000000
616,1000,1000,1000,tf-webgl,20,147.0,1000000000
617,1000,1000,1000,tf-webgl,20,137.4000000357628,1000000000
618,1000,1000,1000,tf-webgl,20,138.79999995231628,1000000000
619,1000,1000,1000,tf-webgl,20,138.0,1000000000
620,1000,1000,1000,tf-webgl,20,149.19999998807907,1000000000
621,1000,1000,1000,tf-webgl,20,139.89999997615814,1000000000
622,1000,1000,1000,tf-webgl,20,139.0,1000000000
623,1000,1000,1000,tf-webgl,20,138.39999997615814,1000000000
624,1000,1000,1000,tf-webgl,20,131.0,1000000000
625,1000,1000,1000,tf-webgl,20,137.60000002384186,1000000000
626,1000,1000,1000,tf-webgl,20,141.9000000357628,1000000000
627,1000,1000,1000,tf-webgl,20,143.0,1000000000
628,1000,1000,1000,tf-webgl,20,143.89999997615814,1000000000
629,1000,1000,1000,tf-webgl,20,134.5,1000000000
630,2000,2000,2000,tf-webgl,5,852.7000000476837,8000000000
631,2000,2000,2000,tf-webgl,5,687.1000000238419,8000000000
632,2000,2000,2000,tf-webgl,5,701.6000000238419,8000000000
633,2000,2000,2000,tf-webgl,5,699.3000000119209,8000000000
634,2000,2000,2000,tf-webgl,5,660.9000000357628,8000000000
635,500,500,500,plain-js,20,1554.199999988079,125000000
636,500,500,500,plain-js,20,1251.3999999761581,125000000
637,500,500,500,plain-js,20,1331.5,125000000
638,500,500,500,plain-js,20,1303.699999988079,125000000
639,500,500,500,plain-js,20,1378.699999988079,125000000
640,500,500,500,plain-js,20,1296.3999999761581,125000000
641,500,500,500,plain-js,20,1288.0,125000000
642,500,500,500,plain-js,20,1294.300000011921,125000000
643,500,500,500,plain-js,20,1272.8999999761581,125000000
644,500,500,500,plain-js,20,1323.4000000357628,125000000
645,500,500,500,plain-js,20,1284.0,125000000
646,500,500,500,plain-js,20,1378.199999988079,125000000
647,500,500,500,plain-js,20,1296.199999988079,125000000
648,500,500,500,plain-js,20,1284.199999988079,125000000
649,500,500,500,plain-js,20,1332.9000000357628,125000000
650,500,500,500,plain-js,20,1308.8999999761581,125000000
651,500,500,500,plain-js,20,1327.300000011921,125000000
652,500,500,500,plain-js,20,1320.0,125000000
653,500,500,500,plain-js,20,1296.8999999761581,125000000
654,500,500,500,plain-js,20,1270.5,125000000
655,100,100,100,tf-cpu,100,29.5,1000000
656,100,100,100,tf-cpu,100,25.5,1000000
657,100,100,100,tf-cpu,100,3.699999988079071,1000000
658,100,100,100,tf-cpu,100,4.5,1000000
659,100,100,100,tf-cpu,100,6.400000035762787,1000000
660,100,100,100,tf-cpu,100,3.5,1000000
661,100,100,100,tf-cpu,100,3.699999988079071,1000000
662,100,100,100,tf-cpu,100,3.399999976158142,1000000
663,100,100,100,tf-cpu,100,3.5,1000000
664,100,100,100,tf-cpu,100,4.300000011920929,1000000
665,100,100,100,tf-cpu,100,3.300000011920929,1000000
666,100,100,100,tf-cpu,100,9.899999976158142,1000000
667,100,100,100,tf-cpu,100,3.0,1000000
668,100,100,100,tf-cpu,100,3.099999964237213,1000000
669,100,100,100,tf-cpu,100,3.199999988079071,1000000
670,100,100,100,tf-cpu,100,3.699999988079071,1000000
671,100,100,100,tf-cpu,100,3.600000023841858,1000000
672,100,100,100,tf-cpu,100,3.5,1000000
673,100,100,100,tf-cpu,100,3.699999988079071,1000000
674,100,100,100,tf-cpu,100,3.099999964237213,1000000
675,100,100,100,tf-cpu,100,3.300000011920929,1000000
676,100,100,100,tf-cpu,100,3.400000035762787,1000000
677,100,100,100,tf-cpu,100,3.599999964237213,1000000
678,100,100,100,tf-cpu,100,3.099999964237213,1000000
679,100,100,100,tf-cpu,100,3.099999964237213,1000000
680,100,100,100,tf-cpu,100,2.900000035762787,1000000
681,100,100,100,tf-cpu,100,3.0,1000000
682,100,100,100,tf-cpu,100,3.0,1000000
683,100,100,100,tf-cpu,100,3.5,1000000
684,100,100,100,tf-cpu,100,2.899999976158142,1000000
685,100,100,100,tf-cpu,100,3.199999988079071,1000000
686,100,100,100,tf-cpu,100,3.0,1000000
687,100,100,100,tf-cpu,100,3.0,1000000
688,100,100,100,tf-cpu,100,3.0,1000000
689,100,100,100,tf-cpu,100,3.0,1000000
690,100,100,100,tf-cpu,100,3.0,1000000
691,100,100,100,tf-cpu,100,3.0,1000000
692,100,100,100,tf-cpu,100,3.0,1000000
693,100,100,100,tf-cpu,100,3.100000023841858,1000000
694,100,100,100,tf-cpu,100,3.099999964237213,1000000
695,100,100,100,tf-cpu,100,3.099999964237213,1000000
696,100,100,100,tf-cpu,100,3.199999988079071,1000000
697,100,100,100,tf-cpu,100,3.100000023841858,1000000
698,100,100,100,tf-cpu,100,3.100000023841858,1000000
699,100,100,100,tf-cpu,100,3.0,1000000
700,100,100,100,tf-cpu,100,3.0,1000000
701,100,100,100,tf-cpu,100,3.0,1000000
702,100,100,100,tf-cpu,100,3.0,1000000
703,100,100,100,tf-cpu,100,3.099999964237213,1000000
704,100,100,100,tf-cpu,100,3.0,1000000
705,100,100,100,tf-cpu,100,3.0,1000000
706,100,100,100,tf-cpu,100,3.0,1000000
707,100,100,100,tf-cpu,100,3.300000011920929,1000000
708,100,100,100,tf-cpu,100,3.099999964237213,1000000
709,100,100,100,tf-cpu,100,2.900000035762787,1000000
710,100,100,100,tf-cpu,100,3.0,1000000
711,100,100,100,tf-cpu,100,3.300000011920929,1000000
712,100,100,100,tf-cpu,100,3.0,1000000
713,100,100,100,tf-cpu,100,3.0,1000000
714,100,100,100,tf-cpu,100,2.899999976158142,1000000
715,100,100,100,tf-cpu,100,3.0,1000000
716,100,100,100,tf-cpu,100,3.0,1000000
717,100,100,100,tf-cpu,100,2.899999976158142,1000000
718,100,100,100,tf-cpu,100,3.100000023841858,1000000
719,100,100,100,tf-cpu,100,3.0,1000000
720,100,100,100,tf-cpu,100,3.199999988079071,1000000
721,100,100,100,tf-cpu,100,3.0,1000000
722,100,100,100,tf-cpu,100,3.0,1000000
723,100,100,100,tf-cpu,100,2.899999976158142,1000000
724,100,100,100,tf-cpu,100,3.0,1000000
725,100,100,100,tf-cpu,100,3.0,1000000
726,100,100,100,tf-cpu,100,3.0,1000000
727,100,100,100,tf-cpu,100,3.0,1000000
728,100,100,100,tf-cpu,100,3.0,1000000
729,100,100,100,tf-cpu,100,3.0,1000000
730,100,100,100,tf-cpu,100,3.100000023841858,1000000
731,100,100,100,tf-cpu,100,3.599999964237213,1000000
732,100,100,100,tf-cpu,100,3.900000035762787,1000000
733,100,100,100,tf-cpu,100,2.900000035762787,1000000
734,100,100,100,tf-cpu,100,3.199999988079071,1000000
735,100,100,100,tf-cpu,100,3.100000023841858,1000000
736,100,100,100,tf-cpu,100,3.100000023841858,1000000
737,100,100,100,tf-cpu,100,2.899999976158142,1000000
738,100,100,100,tf-cpu,100,2.899999976158142,1000000
739,100,100,100,tf-cpu,100,3.100000023841858,1000000
740,100,100,100,tf-cpu,100,3.100000023841858,1000000
741,100,100,100,tf-cpu,100,3.0,1000000
742,100,100,100,tf-cpu,100,2.900000035762787,1000000
743,100,100,100,tf-cpu,100,3.100000023841858,1000000
744,100,100,100,tf-cpu,100,3.0,1000000
745,100,100,100,tf-cpu,100,3.0,1000000
746,100,100,100,tf-cpu,100,3.0,1000000
747,100,100,100,tf-cpu,100,3.100000023841858,1000000
748,100,100,100,tf-cpu,100,2.899999976158142,1000000
749,100,100,100,tf-cpu,100,3.099999964237213,1000000
750,100,100,100,tf-cpu,100,3.100000023841858,1000000
751,100,100,100,tf-cpu,100,2.900000035762787,1000000
752,100,100,100,tf-cpu,100,2.899999976158142,1000000
753,100,100,100,tf-cpu,100,2.899999976158142,1000000
754,100,100,100,tf-cpu,100,3.099999964237213,1000000
755,2000,2000,2000,tf-wasm,5,1194.8999999761581,8000000000
756,2000,2000,2000,tf-wasm,5,1180.199999988079,8000000000
757,2000,2000,2000,tf-wasm,5,1250.9000000357628,8000000000
758,2000,2000,2000,tf-wasm,5,1217.300000011921,8000000000
759,2000,2000,2000,tf-wasm,5,1135.6000000238419,8000000000
760,2000,2000,2000,tf-cpu,5,23333.400000035763,8000000000
761,2000,2000,2000,tf-cpu,5,25642.0,8000000000
762,2000,2000,2000,tf-cpu,5,25636.700000047684,8000000000
763,2000,2000,2000,tf-cpu,5,25782.19999998808,8000000000
764,2000,2000,2000,tf-cpu,5,23051.099999964237,8000000000
765,2000,2000,2000,tf-webgpu,5,552.6000000238419,8000000000
766,2000,2000,2000,tf-webgpu,5,486.80000001192093,8000000000
767,2000,2000,2000,tf-webgpu,5,475.4000000357628,8000000000
768,2000,2000,2000,tf-webgpu,5,553.8000000119209,8000000000
769,2000,2000,2000,tf-webgpu,5,476.69999998807907,8000000000
770,500,500,500,plain-js,50,1278.0,125000000
771,500,500,500,plain-js,50,1263.4000000357628,125000000
772,500,500,500,plain-js,50,1317.300000011921,125000000
773,500,500,500,plain-js,50,1343.6000000238419,125000000
774,500,500,500,plain-js,50,1339.800000011921,125000000
775,500,500,500,plain-js,50,1314.6000000238419,125000000
776,500,500,500,plain-js,50,1315.0,125000000
777,500,500,500,plain-js,50,1353.1000000238419,125000000
778,500,500,500,plain-js,50,1349.5,125000000
779,500,500,500,plain-js,50,1319.9000000357628,125000000
780,500,500,500,plain-js,50,1368.8999999761581,125000000
781,500,500,500,plain-js,50,1350.0,125000000
782,500,500,500,plain-js,50,1278.1000000238419,125000000
783,500,500,500,plain-js,50,1309.699999988079,125000000
784,500,500,500,plain-js,50,1340.0999999642372,125000000
785,500,500,500,plain-js,50,1315.5,125000000
786,500,500,500,plain-js,50,1299.300000011921,125000000
787,500,500,500,plain-js,50,1278.4000000357628,125000000
788,500,500,500,plain-js,50,1277.7999999523163,125000000
789,500,500,500,plain-js,50,1264.699999988079,125000000
790,500,500,500,plain-js,50,1269.199999988079,125000000
791,500,500,500,plain-js,50,1282.9000000357628,125000000
792,500,500,500,plain-js,50,1298.4000000357628,125000000
793,500,500,500,plain-js,50,1286.800000011921,125000000
794,500,500,500,plain-js,50,1300.1000000238419,125000000
795,500,500,500,plain-js,50,1312.199999988079,125000000
796,500,500,500,plain-js,50,1307.199999988079,125000000
797,500,500,500,plain-js,50,1346.300000011921,125000000
798,500,500,500,plain-js,50,1321.0,125000000
799,500,500,500,plain-js,50,1291.800000011921,125000000
800,500,500,500,plain-js,50,1390.5,125000000
801,500,500,500,plain-js,50,1311.199999988079,125000000
802,500,500,500,plain-js,50,1245.699999988079,125000000
803,500,500,500,plain-js,50,1282.8999999761581,125000000
804,500,500,500,plain-js,50,1294.5,125000000
805,500,500,500,plain-js,50,1310.8999999761581,125000000
806,500,500,500,plain-js,50,1292.800000011921,125000000
807,500,500,500,plain-js,50,1438.800000011921,125000000
808,500,500,500,plain-js,50,1376.7999999523163,125000000
809,500,500,500,plain-js,50,1313.8999999761581,125000000
810,500,500,500,plain-js,50,1313.199999988079,125000000
811,500,500,500,plain-js,50,1313.5999999642372,125000000
812,500,500,500,plain-js,50,1297.5,125000000
813,500,500,500,plain-js,50,1283.5999999642372,125000000
814,500,500,500,plain-js,50,1278.8999999761581,125000000
815,500,500,500,plain-js,50,1338.699999988079,125000000
816,500,500,500,plain-js,50,1313.199999988079,125000000
817,500,500,500,plain-js,50,1324.699999988079,125000000
818,500,500,500,plain-js,50,1347.0999999642372,125000000
819,500,500,500,plain-js,50,1371.300000011921,125000000
820,100,100,100,plain-js,100,13.699999988079071,1000000
821,100,100,100,plain-js,100,7.800000011920929,1000000
822,100,100,100,plain-js,100,8.399999976158142,1000000
823,100,100,100,plain-js,100,7.100000023841858,1000000
824,100,100,100,plain-js,100,14.5,1000000
825,100,100,100,plain-js,100,8.299999952316284,1000000
826,100,100,100,plain-js,100,9.399999976158142,1000000
827,100,100,100,plain-js,100,10.100000023841858,1000000
828,100,100,100,plain-js,100,7.900000035762787,1000000
829,100,100,100,plain-js,100,9.699999988079071,1000000
830,100,100,100,plain-js,100,7.5,1000000
831,100,100,100,plain-js,100,7.0,1000000
832,100,100,100,plain-js,100,6.400000035762787,1000000
833,100,100,100,plain-js,100,6.5,1000000
834,100,100,100,plain-js,100,6.5,1000000
835,100,100,100,plain-js,100,6.599999964237213,1000000
836,100,100,100,plain-js,100,6.400000035762787,1000000
837,100,100,100,plain-js,100,6.5,1000000
838,100,100,100,plain-js,100,6.300000011920929,1000000
839,100,100,100,plain-js,100,6.199999988079071,1000000
840,100,100,100,plain-js,100,6.299999952316284,1000000
841,100,100,100,plain-js,100,6.199999988079071,1000000
842,100,100,100,plain-js,100,6.300000011920929,1000000
843,100,100,100,plain-js,100,6.100000023841858,1000000
844,100,100,100,plain-js,100,6.100000023841858,1000000
845,100,100,100,plain-js,100,6.5,1000000
846,100,100,100,plain-js,100,6.399999976158142,1000000
847,100,100,100,plain-js,100,6.5,1000000
848,100,100,100,plain-js,100,6.5,1000000
849,100,100,100,plain-js,100,6.5,1000000
850,100,100,100,plain-js,100,8.099999964237213,1000000
851,100,100,100,plain-js,100,7.899999976158142,1000000
852,100,100,100,plain-js,100,6.100000023841858,1000000
853,100,100,100,plain-js,100,6.100000023841858,1000000
854,100,100,100,plain-js,100,6.099999964237213,1000000
855,100,100,100,plain-js,100,6.199999988079071,1000000
856,100,100,100,plain-js,100,6.299999952316284,1000000
857,100,100,100,plain-js,100,6.199999988079071,1000000
858,100,100,100,plain-js,100,6.100000023841858,1000000
859,100,100,100,plain-js,100,6.399999976158142,1000000
860,100,100,100,plain-js,100,6.299999952316284,1000000
861,100,100,100,plain-js,100,6.100000023841858,1000000
862,100,100,100,plain-js,100,6.100000023841858,1000000
863,100,100,100,plain-js,100,6.199999988079071,1000000
864,100,100,100,plain-js,100,6.199999988079071,1000000
865,100,100,100,plain-js,100,6.399999976158142,1000000
866,100,100,100,plain-js,100,6.199999988079071,1000000
867,100,100,100,plain-js,100,7.400000035762787,1000000
868,100,100,100,plain-js,100,6.5,1000000
869,100,100,100,plain-js,100,6.100000023841858,1000000
870,100,100,100,plain-js,100,6.0,1000000
871,100,100,100,plain-js,100,6.199999988079071,1000000
872,100,100,100,plain-js,100,6.100000023841858,1000000
873,100,100,100,plain-js,100,6.400000035762787,1000000
874,100,100,100,plain-js,100,6.100000023841858,1000000
875,100,100,100,plain-js,100,6.199999988079071,1000000
876,100,100,100,plain-js,100,6.600000023841858,1000000
877,100,100,100,plain-js,100,6.299999952316284,1000000
878,100,100,100,plain-js,100,6.100000023841858,1000000
879,100,100,100,plain-js,100,6.100000023841858,1000000
880,100,100,100,plain-js,100,6.100000023841858,1000000
881,100,100,100,plain-js,100,6.199999988079071,1000000
882,100,100,100,plain-js,100,6.0,1000000
883,100,100,100,plain-js,100,6.600000023841858,1000000
884,100,100,100,plain-js,100,6.300000011920929,1000000
885,100,100,100,plain-js,100,6.399999976158142,1000000
886,100,100,100,plain-js,100,6.200000047683716,1000000
887,100,100,100,plain-js,100,6.300000011920929,1000000
888,100,100,100,plain-js,100,6.199999988079071,1000000
889,100,100,100,plain-js,100,6.300000011920929,1000000
890,100,100,100,plain-js,100,6.199999988079071,1000000
891,100,100,100,plain-js,100,6.100000023841858,1000000
892,100,100,100,plain-js,100,6.200000047683716,1000000
893,100,100,100,plain-js,100,6.300000011920929,1000000
894,100,100,100,plain-js,100,6.199999988079071,1000000
895,100,100,100,plain-js,100,6.300000011920929,1000000
896,100,100,100,plain-js,100,6.199999988079071,1000000
897,100,100,100,plain-js,100,6.199999988079071,1000000
898,100,100,100,plain-js,100,6.400000035762787,1000000
899,100,100,100,plain-js,100,6.300000011920929,1000000
900,100,100,100,plain-js,100,6.599999964237213,1000000
901,100,100,100,plain-js,100,6.600000023841858,1000000
902,100,100,100,plain-js,100,6.5,1000000
903,100,100,100,plain-js,100,6.5,1000000
904,100,100,100,plain-js,100,6.199999988079071,1000000
905,100,100,100,plain-js,100,6.199999988079071,1000000
906,100,100,100,plain-js,100,6.199999988079071,1000000
907,100,100,100,plain-js,100,6.300000011920929,1000000
908,100,100,100,plain-js,100,6.100000023841858,1000000
909,100,100,100,plain-js,100,6.400000035762787,1000000
910,100,100,100,plain-js,100,6.400000035762787,1000000
911,100,100,100,plain-js,100,6.299999952316284,1000000
912,100,100,100,plain-js,100,6.200000047683716,1000000
913,100,100,100,plain-js,100,6.199999988079071,1000000
914,100,100,100,plain-js,100,6.600000023841858,1000000
915,100,100,100,plain-js,100,6.300000011920929,1000000
916,100,100,100,plain-js,100,6.199999988079071,1000000
917,100,100,100,plain-js,100,6.199999988079071,1000000
918,100,100,100,plain-js,100,6.199999988079071,1000000
919,100,100,100,plain-js,100,6.199999988079071,1000000
920,500,500,500,tf-wasm,50,39.89999997615814,125000000
921,500,500,500,tf-wasm,50,31.600000023841858,125000000
922,500,500,500,tf-wasm,50,32.19999998807907,125000000
923,500,500,500,tf-wasm,50,27.600000023841858,125000000
924,500,500,500,tf-wasm,50,38.39999997615814,125000000
925,500,500,500,tf-wasm,50,38.40000003576279,125000000
926,500,500,500,tf-wasm,50,30.19999998807907,125000000
927,500,500,500,tf-wasm,50,37.19999998807907,125000000
928,500,500,500,tf-wasm,50,29.0,125000000
929,500,500,500,tf-wasm,50,29.0,125000000
930,500,500,500,tf-wasm,50,38.90000003576279,125000000
931,500,500,500,tf-wasm,50,28.0,125000000
932,500,500,500,tf-wasm,50,34.90000003576279,125000000
933,500,500,500,tf-wasm,50,30.900000035762787,125000000
934,500,500,500,tf-wasm,50,33.80000001192093,125000000
935,500,500,500,tf-wasm,50,45.0,125000000
936,500,500,500,tf-wasm,50,34.69999998807907,125000000
937,500,500,500,tf-wasm,50,32.799999952316284,125000000
938,500,500,500,tf-wasm,50,34.19999998807907,125000000
939,500,500,500,tf-wasm,50,35.80000001192093,125000000
940,500,500,500,tf-wasm,50,31.799999952316284,125000000
941,500,500,500,tf-wasm,50,33.0,125000000
942,500,500,500,tf-wasm,50,33.30000001192093,125000000
943,500,500,500,tf-wasm,50,35.30000001192093,125000000
944,500,500,500,tf-wasm,50,32.30000001192093,125000000
945,500,500,500,tf-wasm,50,39.30000001192093,125000000
946,500,500,500,tf-wasm,50,44.299999952316284,125000000
947,500,500,500,tf-wasm,50,35.0,125000000
948,500,500,500,tf-wasm,50,32.0,125000000
949,500,500,500,tf-wasm,50,30.5,125000000
950,500,500,500,tf-wasm,50,32.39999997615814,125000000
951,500,500,500,tf-wasm,50,32.80000001192093,125000000
952,500,500,500,tf-wasm,50,32.30000001192093,125000000
953,500,500,500,tf-wasm,50,35.5,125000000
954,500,500,500,tf-wasm,50,30.599999964237213,125000000
955,500,500,500,tf-wasm,50,39.19999998807907,125000000
956,500,500,500,tf-wasm,50,30.5,125000000
957,500,500,500,tf-wasm,50,49.200000047683716,125000000
958,500,500,500,tf-wasm,50,31.0,125000000
959,500,500,500,tf-wasm,50,35.60000002384186,125000000
960,500,500,500,tf-wasm,50,31.0,125000000
961,500,500,500,tf-wasm,50,31.5,125000000
962,500,500,500,tf-wasm,50,29.900000035762787,125000000
963,500,500,500,tf-wasm,50,31.600000023841858,125000000
964,500,500,500,tf-wasm,50,31.5,125000000
965,500,500,500,tf-wasm,50,38.30000001192093,125000000
966,500,500,500,tf-wasm,50,35.90000003576279,125000000
967,500,500,500,tf-wasm,50,32.60000002384186,125000000
968,500,500,500,tf-wasm,50,31.80000001192093,125000000
969,500,500,500,tf-wasm,50,43.299999952316284,125000000
